id,Car,Year,email
1,Sparrow,1999,bvedenichev0@tripadvisor.com
2,Canyon,2012,tscintsbury1@ycombinator.com
3,E250,2005,ddunster2@seesaa.net
4,QX,2007,hgriffith3@goo.gl
5,G,2011,wmccaughen4@parallels.com
6,Tacoma,2000,ddelacroux5@google.es
7,TL,2007,ccowie6@prlog.org
8,Grand Marquis,1998,irayer7@photobucket.com
9,Accent,2009,wblois8@senate.gov
10,CX-7,2010,rgudde9@salon.com
11,Pajero,1993,tashbya@ebay.co.uk
12,Camry,2010,aanselmb@blog.com
13,Seville,2002,ajunec@acquirethisname.com
14,STS,2011,ljenkind@biglobe.ne.jp
15,Park Avenue,1994,tcastlese@mashable.com
16,Civic Si,2003,tprobeyf@infoseek.co.jp
17,X5,2011,randrewg@people.com.cn
18,Highlander,2004,knoellh@people.com.cn
19,Yukon,2010,gbarmei@gravatar.com
20,Galant,2004,ltoppesj@mapquest.com
